Med_Catg_Code,BrandName,CompanyName,ModifiedDate
1,NICOTINE,Wal-Mart Stores Inc,4/26/2018
2,Hair Regrow,"Bentley Laboratories, LLC",4/26/2018
3,German Cockroach,"Nelco Laboratories, Inc.",4/26/2018
4,Nitrous Oxide,"Matheson Tri-Gas, Inc.",4/26/2018
5,Montelukast Sodium,"AvKARE, Inc.",4/26/2018
6,Ibuprofen,Major Pharmaceuticals,4/26/2018
7,Harris Teeter,Harris Teeter,4/26/2018
8,oxycodone hydrochloride,Lake Erie Medical DBA Quality Care Products LLC,4/26/2018
9,Olive Leaf Antibacterial Foaming Hand Wash,"SJ Creations, Inc.",4/26/2018
10,clear days ahead,Philosophy,4/26/2018
11,Secret,Procter & Gamble Manufacturing Company,4/26/2018
12,Glytone acne cleansing toner,"Genesis Pharmaceutical, Inc.",4/26/2018
