Med_Code,Med_Sub_Ref_No,Med_Name,Quantity,Price,Patient_ID
1,23,Levothyroxine,1,367.14,"1,201,401,601,801"
2,46,Hydrocodone/AA,1,803.94,"2,202,402,602,802"
3,26,Amoxicillin,3,854.54,"3,203,403,603,803"
4,25,Lisinoril,2,567.26,"4,204,404,604,804"
5,11,Esomerazole,4,792.1,"5,205,405,605,805"
6,32,Atorvastatin,1,596.83,"6,206,406,606,806"
7,49,Simvastatin,1,1392.73,"7,207,407,607,807"
8,12,Cloidogrel,3,411.21,"8,208,408,608,808"
9,38,Montelukast,2,287.25,"9,209,409,609,809"
10,27,Rosuvastatin,4,1421.21,"10,210,410,610,810"
11,14,Metorolol,1,285.84,"11,211,411,611,811"
12,39,Escitaloram,1,1176.53,"12,212,412,612,812"
13,5,Azithromycin,3,775.74,"13,213,413,613,813"
14,9,Albuterol,2,894.48,"14,214,414,614,814"
15,12,Hydrochlorothiazide,4,265.77,"15,215,415,615,815"
16,12,Metformin,1,519.88,"16,216,416,616,816"
17,12,Sertraline,1,375.88,"17,217,417,617,817"
18,42,Iburofen,3,972.56,"18,218,418,618,818"
19,42,Zolidem,2,487.17,"19,219,419,619,819"
20,42,Furosemide,4,450.4,"20,220,420,620,820"
21,42,Omerazole,1,1048.9,"21,221,421,621,821"
22,42,Trazodone,1,1054.43,"22,222,422,622,822"
23,5,Valsartan,3,816.1,"23,223,423,623,823"
24,5,Tramadol,2,984.63,"24,224,424,624,824"
25,36,Duloxetine,4,915.71,"25,225,425,625,825"
26,36,Warfarin,1,1106.68,"26,226,426,626,826"
27,19,Amlodiine,1,799.44,"27,227,427,627,827"
28,19,Oxycodone/AA,3,259.71,"28,228,428,628,828"
29,19,Quetiaine,2,1503.6,"29,229,429,629,829"
30,19,romethazine,4,386.86,"30,230,430,630,830"
31,19,Fluticasone,1,293.61,"31,231,431,631,831"
32,45,Alrazolam,1,275.76,"32,232,432,632,832"
33,45,Clonazeam,3,319.11,"33,233,433,633,833"
34,45,Benazeril,2,1403.79,"34,234,434,634,834"
35,45,Meloxicam,4,861.39,"35,235,435,635,835"
36,15,Citaloram,1,853.61,"36,236,436,636,836"
37,30,Cehalexin,1,773.71,"37,237,437,637,837"
38,30,Tiotroium,3,998.37,"38,238,438,638,838"
39,30,Gabaentin,2,342.58,"39,239,439,639,839"
40,1,Ariirazole,4,1448.43,"40,240,440,640,840"
41,1,otassium,1,767.67,"41,241,441,641,841"
42,1,Cyclobenzarine,1,1481.19,"42,242,442,642,842"
43,1,Methylrednisolone,3,288.92,"43,243,443,643,843"
44,8,Methylhenidate,2,1410.34,"44,244,444,644,844"
45,8,Loratadine,4,1388.17,"45,245,445,645,845"
46,8,Carvedilol,1,254.15,"46,246,446,646,846"
47,8,Carisorodol,1,1293.91,"47,247,447,647,847"
48,29,Digoxin,3,806.07,"48,248,448,648,848"
49,29,Memantine,2,876.06,"49,249,449,649,849"
50,29,Atenolol,4,554.28,"50,250,450,650,850"
51,29,Diazeam,1,888.29,"51,251,451,651,851"
52,50,Oxycodone,1,1414.83,"52,252,452,652,852"
53,50,Risedronate,3,1153.05,"53,253,453,653,853"
54,50,Folic Acid,2,1264.82,"54,254,454,654,854"
55,41,Losartan + HCTZ,4,1468.79,"55,255,455,655,855"
56,41,Oxycodone,1,311.43,"56,256,456,656,856"
57,41,Risedronate,1,560.65,"57,257,457,657,857"
58,41,Folic Acid,3,719.91,"58,258,458,658,858"
59,41,Losartan + HCTZ,2,391.88,"59,259,459,659,859"
60,41,rednisone,4,1376.73,"60,260,460,660,860"
61,13,rednisolone,1,820.97,"61,261,461,661,861"
62,13,Alendronate,1,524.61,"62,262,462,662,862"
63,13,antorazole,3,1430.49,"63,263,463,663,863"
64,13,Tamsulosin,2,479.84,"64,264,464,664,864"
65,13,Triamterene + HCTZ,4,1238.64,"65,265,465,665,865"
66,13,aroxetine,1,1003.4,"66,266,466,666,866"
67,46,Burenorhine + Naloxone,1,717.23,"67,267,467,667,867"
68,46,Enalaril,3,1222.31,"68,268,468,668,868"
69,46,Lovastatin,2,660.16,"69,269,469,669,869"
70,46,ioglitazone,4,1453.87,"70,270,470,670,870"
71,46,ravastatin,1,1365.7,"71,271,471,671,871"
72,27,Fluoxetine,1,1288.19,"72,272,472,672,872"
73,24,Insulin Detemir,3,864.28,"73,273,473,673,873"
74,21,Fluconazole,2,730.93,"74,274,474,674,874"
75,21,Levofloxacin,4,1333.52,"75,275,475,675,875"
76,21,Rivaroxaban,1,418.53,"76,276,476,676,876"
77,21,Celecoxib,1,521.65,"77,277,477,677,877"
78,21,Codeine / AA,3,1406.6,"78,278,478,678,878"
79,21,Mometasone,2,372.25,"79,279,479,679,879"
80,4,Cirofloxacin,4,876.35,"80,280,480,680,880"
81,4,regabalin,1,762.65,"81,281,481,681,881"
82,4,Insulin Asart,1,811.61,"82,282,482,682,882"
83,4,Venlafaxine,3,561.15,"83,283,483,683,883"
84,4,Lorazeam,2,528.02,"84,284,484,684,884"
85,19,Ezetimibe,4,945.82,"85,285,485,685,885"
86,19,Estrogen,1,1127.49,"86,286,486,686,886"
87,19,Allourinol,1,1420.45,"87,287,487,687,887"
88,19,enicillin,3,1116.01,"88,288,488,688,888"
89,31,Sitaglitin,2,365.03,"89,289,489,689,889"
90,31,Amitrityline,4,466.13,"90,290,490,690,890"
91,31,Clonidine,1,1500.05,"91,291,491,691,891"
92,31,Latanorost,1,732.79,"92,292,492,692,892"
93,31,Lisdexamfetamine,3,1356.35,"93,293,493,693,893"
94,31,Fluticasone + Salmeterol,2,1393.12,"94,294,494,694,894"
95,44,Budesonide + Formoterol,4,296.82,"95,295,495,695,895"
96,44,Dexlansorazole,1,879.04,"96,296,496,696,896"
97,44,Glyburide,1,956.36,"97,297,497,697,897"
98,44,Olanzaine,3,444.19,"98,298,498,698,898"
99,44,Tolterodine,2,891.88,"99,299,499,699,899"
100,44,Ranitidine,4,955.61,"100,300,500,700,900"
101,44,Famotidine,1,284.15,"101,301,501,701,901"
102,48,Diltiazem,1,933.72,"102,302,502,702,902"
103,38,Insulin Glargine,3,488.87,"103,303,503,703,903"
104,38,Lisinoril + HCTZ,2,271.94,"104,304,504,704,904"
105,38,Buroion,4,402.8,"105,305,505,705,905"
106,14,Cetirizine,1,928.27,"106,306,506,706,906"
107,12,Toiramate,1,877.55,"107,307,507,707,907"
108,12,Valacyclovir,3,859.42,"108,308,508,708,908"
109,12,Eszoiclone,2,387.07,"109,309,509,709,909"
110,12,Acyclovir,4,722.06,"110,310,510,710,910"
111,33,Cefdinir,1,331.32,"111,311,511,711,911"
112,33,Clindamycin,1,1242.29,"112,312,512,712,912"
113,33,Levetiracetam,3,855.53,"113,313,513,713,913"
114,33,Gemfibrozil,2,976.33,"114,314,514,714,914"
115,33,Guaifenesin,4,1299.57,"115,315,515,715,915"
116,33,Gliizide,1,1530.44,"116,316,516,716,916"
117,47,Irbesartan,1,1106.79,"117,317,517,717,917"
118,47,Metocloramide,3,1481.88,"118,318,518,718,918"
119,47,Losartan,2,1111.84,"119,319,519,719,919"
120,47,Meclizine,4,555.43,"120,320,520,720,920"
121,47,Metronidazole,1,806.06,"121,321,521,721,921"
122,47,Vitamin D,1,1023.7,"122,322,522,722,922"
123,50,Testosterone,3,997.51,"123,323,523,723,923"
124,50,Roinirole,2,1352.13,"124,324,524,724,924"
125,50,Riseridone,4,1035.95,"125,325,525,725,925"
126,22,Oloatadine,1,1187.42,"126,326,526,726,926"
127,22,Doneezil,1,925.4,"127,327,527,727,927"
128,22,Dexmethylhenidate,3,1253.78,"128,328,528,728,928"
129,22,Enoxaarin,2,610.22,"129,329,529,729,929"
130,22,Fentanyl,4,690.78,"130,330,530,730,930"
131,22,Dicyclomine,1,1365.48,"131,331,531,731,931"
132,22,Levalbuterol,1,1169.94,"132,332,532,732,932"
133,22,Atomoxetine,3,1129.91,"133,333,533,733,933"
134,5,Ramiril,2,1019.59,"134,334,534,734,934"
135,5,Temazeam,4,656.99,"135,335,535,735,935"
136,5,hentermine,1,910.14,"136,336,536,736,936"
137,5,Quinaril,1,1311.34,"137,337,537,737,937"
138,5,Sildenafil,3,358.58,"138,338,538,738,938"
139,5,Ondansetron,2,256.18,"139,339,539,739,939"
140,5,Oseltamivir,4,1238.56,"140,340,540,740,940"
141,39,Methotrexate,1,1075.19,"141,341,541,741,941"
142,39,Dabigatran,1,1381.95,"142,342,542,742,942"
143,39,Budesonide,3,1441.41,"143,343,543,743,943"
144,39,Doxazosin,2,577.83,"144,344,544,744,944"
145,39,Desvenlafaxine,4,1395.46,"145,345,545,745,945"
146,46,Insulin Lisro,1,1315.14,"146,346,546,746,946"
147,46,Clarithromycin,1,987.06,"147,347,547,747,947"
148,46,Busirone,3,1548.35,"148,348,548,748,948"
149,46,Finasteride,2,1005.78,"149,349,549,749,949"
150,46,Ketoconazole,4,1041.43,"150,350,550,750,950"
151,46,Solifenacin,1,675.81,"151,351,551,751,951"
152,10,Methadone,1,1075.04,"152,352,552,752,952"
153,10,Minocycline,3,594.48,"153,353,553,753,953"
154,10,henazoyridine,2,344.95,"154,354,554,754,954"
155,2,Ticagrelor,4,733.43,"155,355,555,755,955"
156,2,Diclofenac,1,1152.77,"156,356,556,756,956"
157,2,Saxaglitin,1,525.15,"157,357,557,757,957"
158,2,Naroxen,3,1308.45,"158,358,558,758,958"
159,2,Tizanidine,2,1167.16,"159,359,559,759,959"
160,2,Vardenafil,4,595.42,"160,360,560,760,960"
161,7,Clobetasol,1,1485.93,"161,361,561,761,961"
162,7,Benzonatate,1,1002.46,"162,362,562,762,962"
163,7,Divalroex,3,591.34,"163,363,563,763,963"
164,3,Dutasteride,2,444.4,"164,364,564,764,964"
165,3,Febuxostat,4,1090.5,"165,365,565,765,965"
166,3,Lamotrigine,1,1444.95,"166,366,566,766,966"
167,3,Nortrityline,1,1048.12,"167,367,567,767,967"
168,29,Glimeiride,3,842.19,"168,368,568,768,968"
169,29,Raberazole,2,1233.72,"169,369,569,769,969"
170,29,Etanercet,4,1266.27,"170,370,570,770,970"
171,29,Nebivolol,1,1296.42,"171,371,571,771,971"
172,29,Nabumetone,1,1502.56,"172,372,572,772,972"
173,43,Nifediine,3,837.72,"173,373,573,773,973"
174,43,Nitrofurantoin,2,309.41,"174,374,574,774,974"
175,43,Nitroglycerine,4,896.66,"175,375,575,775,975"
176,43,Oxybutynin,1,758.82,"176,376,576,776,976"
177,20,Tadalifil,1,627.21,"177,377,577,777,977"
178,20,Triamcinolone,3,548.37,"178,378,578,778,978"
179,20,Rivastigmine,2,613.2,"179,379,579,779,979"
180,20,Lansorazole,4,674.78,"180,380,580,780,980"
181,18,Cefuroxime,1,1391.23,"181,381,581,781,981"
182,18,Methocarbamol,1,920.07,"182,382,582,782,982"
183,18,Travorost,3,1327.96,"183,383,583,783,983"
184,18,Lurasidone,2,1498.62,"184,384,584,784,984"
185,18,Terazosin,4,384.27,"185,385,585,785,985"
186,25,Sumatritan,1,1294.24,"186,386,586,786,986"
187,25,Raloxifene,1,450.35,"187,387,587,787,987"
188,16,Mirtazeine,3,1246.52,"188,388,588,788,988"
189,16,Adalimumab,2,1383.53,"189,389,589,789,989"
190,16,Benztroine,4,991.66,"190,390,590,790,990"
191,39,Baclofen,1,874.92,"191,391,591,791,991"
192,45,Hydralazine,1,1230.69,"192,392,592,792,992"
193,27,Muirocin,3,532.48,"193,393,593,793,993"
194,28,roranolol,2,624.97,"194,394,594,794,994"
195,50,Nystatin,4,953.13,"195,395,595,795,995"
196,14,Veraamil,1,1054.2,"196,396,596,796"
197,23,Estradiol,1,1525.1,"197,397,597,797"
198,27,henytoin,3,492.41,"198,398,598,798"
199,24,Fenofibrate,2,273.7,"199,399,599,799"
200,5,Liraglutide,4,1529.91,"200,400,600,800"
