Room_ID,Room_Type,Location,No_Of_Beds,No_Of_Chairs,Ward_Charge
1,General,JOHN BUILDING,4,2,246.76
2,ADW,RICH BUILDING,3,3,259.56
3,ADM,KOORAY BUILDING,2,6,664.23
4,ICU,SILVA BUILDING,6,4,393.45
5,General,JOHN BUILDING,4,2,688.36
6,ADW,RICH BUILDING,3,3,83.05
7,ADM,KOORAY BUILDING,2,6,325.65
8,ICU,SILVA BUILDING,6,4,320.63
9,General,JOHN BUILDING,4,2,633.63
10,ADW,RICH BUILDING,3,3,638.64
11,ADM,KOORAY BUILDING,2,6,92.99
12,ICU,SILVA BUILDING,6,4,233.27
13,General,JOHN BUILDING,4,2,263.52
14,ADW,RICH BUILDING,3,3,246.07
15,ADM,KOORAY BUILDING,2,6,628.62
16,ICU,SILVA BUILDING,6,4,244.73
17,General,JOHN BUILDING,4,2,369.4
18,ADW,RICH BUILDING,3,3,624.86
19,ADM,KOORAY BUILDING,2,6,368.83
20,ICU,SILVA BUILDING,6,4,394.07
21,General,JOHN BUILDING,4,2,266.94
22,ADW,RICH BUILDING,3,3,398.93
23,ADM,KOORAY BUILDING,2,6,368.66
24,ICU,SILVA BUILDING,6,4,288.69
25,General,JOHN BUILDING,4,2,369.72
26,ADW,RICH BUILDING,3,3,56.67
27,ADM,KOORAY BUILDING,2,6,92.5
28,ICU,SILVA BUILDING,6,4,683.52
29,General,JOHN BUILDING,4,2,257.2
30,ADW,RICH BUILDING,3,3,259.56
31,ADM,KOORAY BUILDING,2,6,232.04
32,ICU,SILVA BUILDING,6,4,368.33
33,General,JOHN BUILDING,4,2,260.28
34,ADW,RICH BUILDING,3,3,298.03
35,ADM,KOORAY BUILDING,2,6,660.39
36,ICU,SILVA BUILDING,6,4,336.66
37,General,JOHN BUILDING,4,2,629.34
38,ADW,RICH BUILDING,3,3,98.53
39,ADM,KOORAY BUILDING,2,6,305.34
40,ICU,SILVA BUILDING,6,4,336.58
41,General,JOHN BUILDING,4,2,298.36
42,ADW,RICH BUILDING,3,3,79.66
43,ADM,KOORAY BUILDING,2,6,347.07
44,ICU,SILVA BUILDING,6,4,343.86
45,General,JOHN BUILDING,4,2,230.67
46,ADW,RICH BUILDING,3,3,369.03
47,ADM,KOORAY BUILDING,2,6,399.72
48,ICU,SILVA BUILDING,6,4,225.87
49,General,JOHN BUILDING,4,2,637.73
50,ADW,RICH BUILDING,3,3,286.76
51,ADM,KOORAY BUILDING,2,6,628.52
52,ICU,SILVA BUILDING,6,4,302.37
53,General,JOHN BUILDING,4,2,269.87
54,ADW,RICH BUILDING,3,3,639.96
55,ADM,KOORAY BUILDING,2,6,269.26
56,ICU,SILVA BUILDING,6,4,236.24
57,General,JOHN BUILDING,4,2,340.43
58,ADW,RICH BUILDING,3,3,352.29
59,ADM,KOORAY BUILDING,2,6,366.49
60,ICU,SILVA BUILDING,6,4,672.02
61,General,JOHN BUILDING,4,2,74.25
62,ADW,RICH BUILDING,3,3,627.86
63,ADM,KOORAY BUILDING,2,6,76.93
64,ICU,SILVA BUILDING,6,4,259.83
65,General,JOHN BUILDING,4,2,680.06
66,ADW,RICH BUILDING,3,3,666.28
67,ADM,KOORAY BUILDING,2,6,282.87
68,ICU,SILVA BUILDING,6,4,623.93
69,General,JOHN BUILDING,4,2,666.24
70,ADW,RICH BUILDING,3,3,654.46
71,ADM,KOORAY BUILDING,2,6,642.63
72,ICU,SILVA BUILDING,6,4,57.2
73,General,JOHN BUILDING,4,2,354.36
74,ADW,RICH BUILDING,3,3,304.78
75,ADM,KOORAY BUILDING,2,6,609.35
76,ICU,SILVA BUILDING,6,4,68.24
77,General,JOHN BUILDING,4,2,688.03
78,ADW,RICH BUILDING,3,3,245.33
79,ADM,KOORAY BUILDING,2,6,266.62
80,ICU,SILVA BUILDING,6,4,246.06
81,General,JOHN BUILDING,4,2,692.03
82,ADW,RICH BUILDING,3,3,626.6
83,ADM,KOORAY BUILDING,2,6,282.67
84,ICU,SILVA BUILDING,6,4,626.24
85,General,JOHN BUILDING,4,2,669.4
86,ADW,RICH BUILDING,3,3,229.87
87,ADM,KOORAY BUILDING,2,6,72.36
88,ICU,SILVA BUILDING,6,4,225.69
89,General,JOHN BUILDING,4,2,206.56
90,ADW,RICH BUILDING,3,3,648.66
91,ADM,KOORAY BUILDING,2,6,623.66
92,ICU,SILVA BUILDING,6,4,260.64
93,General,JOHN BUILDING,4,2,267.37
94,ADW,RICH BUILDING,3,3,85.06
95,ADM,KOORAY BUILDING,2,6,650.57
96,ICU,SILVA BUILDING,6,4,366.63
97,General,JOHN BUILDING,4,2,256.06
98,ADW,RICH BUILDING,3,3,222.67
99,ADM,KOORAY BUILDING,2,6,676.58
100,ICU,SILVA BUILDING,6,4,56.08
101,General,JOHN BUILDING,4,2,259.43
102,ADW,RICH BUILDING,3,3,629.69
103,ADM,KOORAY BUILDING,2,6,296.23
104,ICU,SILVA BUILDING,6,4,86.62
105,General,JOHN BUILDING,4,2,250.98
106,ADW,RICH BUILDING,3,3,327.52
107,ADM,KOORAY BUILDING,2,6,285.7
108,ICU,SILVA BUILDING,6,4,97.67
109,General,JOHN BUILDING,4,2,362.8
110,ADW,RICH BUILDING,3,3,636.48
111,ADM,KOORAY BUILDING,2,6,375.2
112,ICU,SILVA BUILDING,6,4,260.05
113,General,JOHN BUILDING,4,2,53.86
114,ADW,RICH BUILDING,3,3,667.73
115,ADM,KOORAY BUILDING,2,6,92.59
116,ICU,SILVA BUILDING,6,4,366.38
117,General,JOHN BUILDING,4,2,369.68
118,ADW,RICH BUILDING,3,3,82.66
119,ADM,KOORAY BUILDING,2,6,277.99
120,ICU,SILVA BUILDING,6,4,652.67
121,General,JOHN BUILDING,4,2,389.95
122,ADW,RICH BUILDING,3,3,357.06
123,ADM,KOORAY BUILDING,2,6,372.3
124,ICU,SILVA BUILDING,6,4,604.04
125,General,JOHN BUILDING,4,2,277.73
126,ADW,RICH BUILDING,3,3,86.56
127,ADM,KOORAY BUILDING,2,6,645.96
128,ICU,SILVA BUILDING,6,4,393.43
129,General,JOHN BUILDING,4,2,323.04
130,ADW,RICH BUILDING,3,3,662.4
131,ADM,KOORAY BUILDING,2,6,335.48
132,ICU,SILVA BUILDING,6,4,326.8
133,General,JOHN BUILDING,4,2,335.62
134,ADW,RICH BUILDING,3,3,294.05
135,ADM,KOORAY BUILDING,2,6,352.86
136,ICU,SILVA BUILDING,6,4,269.85
137,General,JOHN BUILDING,4,2,252.55
138,ADW,RICH BUILDING,3,3,267.65
139,ADM,KOORAY BUILDING,2,6,52.93
140,ICU,SILVA BUILDING,6,4,637.38
141,General,JOHN BUILDING,4,2,662.87
142,ADW,RICH BUILDING,3,3,57.47
143,ADM,KOORAY BUILDING,2,6,664.92
144,ICU,SILVA BUILDING,6,4,605.87
145,General,JOHN BUILDING,4,2,62.78
146,ADW,RICH BUILDING,3,3,637.42
147,ADM,KOORAY BUILDING,2,6,387.05
148,ICU,SILVA BUILDING,6,4,238.63
149,General,JOHN BUILDING,4,2,657.75
150,ADW,RICH BUILDING,3,3,378.66
151,ADM,KOORAY BUILDING,2,6,335.45
152,ICU,SILVA BUILDING,6,4,652.72
153,General,JOHN BUILDING,4,2,237.62
154,ADW,RICH BUILDING,3,3,292.64
155,ADM,KOORAY BUILDING,2,6,85.66
156,ICU,SILVA BUILDING,6,4,602.22
157,General,JOHN BUILDING,4,2,276.46
158,ADW,RICH BUILDING,3,3,66.76
159,ADM,KOORAY BUILDING,2,6,96.25
160,ICU,SILVA BUILDING,6,4,365.88
161,General,JOHN BUILDING,4,2,223.09
162,ADW,RICH BUILDING,3,3,635.36
163,ADM,KOORAY BUILDING,2,6,665.64
164,ICU,SILVA BUILDING,6,4,608.65
165,General,JOHN BUILDING,4,2,684.42
166,ADW,RICH BUILDING,3,3,304.92
167,ADM,KOORAY BUILDING,2,6,385.82
168,ICU,SILVA BUILDING,6,4,359.9
169,General,JOHN BUILDING,4,2,349.92
170,ADW,RICH BUILDING,3,3,266.65
171,ADM,KOORAY BUILDING,2,6,229.39
172,ICU,SILVA BUILDING,6,4,668.39
173,General,JOHN BUILDING,4,2,297.93
174,ADW,RICH BUILDING,3,3,207.06
175,ADM,KOORAY BUILDING,2,6,640.85
176,ICU,SILVA BUILDING,6,4,665.46
177,General,JOHN BUILDING,4,2,248.05
178,ADW,RICH BUILDING,3,3,688.23
179,ADM,KOORAY BUILDING,2,6,277.65
180,ICU,SILVA BUILDING,6,4,325.36
181,General,JOHN BUILDING,4,2,266.34
182,ADW,RICH BUILDING,3,3,636.5
183,ADM,KOORAY BUILDING,2,6,96.03
184,ICU,SILVA BUILDING,6,4,236.68
185,General,JOHN BUILDING,4,2,363.93
186,ADW,RICH BUILDING,3,3,246.77
187,ADM,KOORAY BUILDING,2,6,337.76
188,ICU,SILVA BUILDING,6,4,86.68
189,General,JOHN BUILDING,4,2,682.62
190,ADW,RICH BUILDING,3,3,388.26
191,ADM,KOORAY BUILDING,2,6,368.9
192,ICU,SILVA BUILDING,6,4,645.46
193,General,JOHN BUILDING,4,2,68.56
194,ADW,RICH BUILDING,3,3,268.63
195,ADM,KOORAY BUILDING,2,6,366.67
196,ICU,SILVA BUILDING,6,4,356.08
197,General,JOHN BUILDING,4,2,602.46
198,ADW,RICH BUILDING,3,3,237.34
199,ADM,KOORAY BUILDING,2,6,332.64
200,ICU,SILVA BUILDING,6,4,608.07
201,General,JOHN BUILDING,4,2,292.76
202,ADW,RICH BUILDING,3,3,327.62
203,ADM,KOORAY BUILDING,2,6,600.24
204,ICU,SILVA BUILDING,6,4,276.68
205,General,JOHN BUILDING,4,2,289.88
206,ADW,RICH BUILDING,3,3,398.28
207,ADM,KOORAY BUILDING,2,6,279.7
208,ICU,SILVA BUILDING,6,4,656.23
209,General,JOHN BUILDING,4,2,384.5
210,ADW,RICH BUILDING,3,3,695.57
211,ADM,KOORAY BUILDING,2,6,680.96
212,ICU,SILVA BUILDING,6,4,698.86
213,General,JOHN BUILDING,4,2,662.66
214,ADW,RICH BUILDING,3,3,342.65
215,ADM,KOORAY BUILDING,2,6,630.47
216,ICU,SILVA BUILDING,6,4,325.76
217,General,JOHN BUILDING,4,2,365.24
218,ADW,RICH BUILDING,3,3,286
219,ADM,KOORAY BUILDING,2,6,639.64
220,ICU,SILVA BUILDING,6,4,60.05
221,General,JOHN BUILDING,4,2,300.67
222,ADW,RICH BUILDING,3,3,365.52
223,ADM,KOORAY BUILDING,2,6,623.85
224,ICU,SILVA BUILDING,6,4,656.76
225,General,JOHN BUILDING,4,2,350.2
226,ADW,RICH BUILDING,3,3,292.66
227,ADM,KOORAY BUILDING,2,6,363.26
228,ICU,SILVA BUILDING,6,4,266.09
229,General,JOHN BUILDING,4,2,256.45
230,ADW,RICH BUILDING,3,3,246.06
231,ADM,KOORAY BUILDING,2,6,638
232,ICU,SILVA BUILDING,6,4,396.83
233,General,JOHN BUILDING,4,2,348.55
234,ADW,RICH BUILDING,3,3,634.46
235,ADM,KOORAY BUILDING,2,6,662.99
236,ICU,SILVA BUILDING,6,4,660.25
237,General,JOHN BUILDING,4,2,269.2
238,ADW,RICH BUILDING,3,3,646.6
239,ADM,KOORAY BUILDING,2,6,253.53
240,ICU,SILVA BUILDING,6,4,76.83
241,General,JOHN BUILDING,4,2,362.28
242,ADW,RICH BUILDING,3,3,92.75
243,ADM,KOORAY BUILDING,2,6,327.65
244,ICU,SILVA BUILDING,6,4,362.65
245,General,JOHN BUILDING,4,2,644.66
246,ADW,RICH BUILDING,3,3,685.74
247,ADM,KOORAY BUILDING,2,6,655.84
248,ICU,SILVA BUILDING,6,4,78.75
249,General,JOHN BUILDING,4,2,636.68
250,ADW,RICH BUILDING,3,3,282
251,ADM,KOORAY BUILDING,2,6,398.49
252,ICU,SILVA BUILDING,6,4,640.76
253,General,JOHN BUILDING,4,2,366.06
254,ADW,RICH BUILDING,3,3,293.64
255,ADM,KOORAY BUILDING,2,6,260.26
256,ICU,SILVA BUILDING,6,4,360.23
257,General,JOHN BUILDING,4,2,240.99
258,ADW,RICH BUILDING,3,3,664.55
259,ADM,KOORAY BUILDING,2,6,76.07
260,ICU,SILVA BUILDING,6,4,380.68
261,General,JOHN BUILDING,4,2,353.57
262,ADW,RICH BUILDING,3,3,376.66
263,ADM,KOORAY BUILDING,2,6,635.63
264,ICU,SILVA BUILDING,6,4,668.92
265,General,JOHN BUILDING,4,2,678.69
266,ADW,RICH BUILDING,3,3,96.46
267,ADM,KOORAY BUILDING,2,6,360.65
268,ICU,SILVA BUILDING,6,4,374.96
269,General,JOHN BUILDING,4,2,290.88
270,ADW,RICH BUILDING,3,3,606.65
271,ADM,KOORAY BUILDING,2,6,632.6
272,ICU,SILVA BUILDING,6,4,239.62
273,General,JOHN BUILDING,4,2,376.44
274,ADW,RICH BUILDING,3,3,638.87
275,ADM,KOORAY BUILDING,2,6,304.5
276,ICU,SILVA BUILDING,6,4,368.26
277,General,JOHN BUILDING,4,2,279.24
278,ADW,RICH BUILDING,3,3,668.95
279,ADM,KOORAY BUILDING,2,6,606.08
280,ICU,SILVA BUILDING,6,4,378.53
281,General,JOHN BUILDING,4,2,350.9
282,ADW,RICH BUILDING,3,3,384.67
283,ADM,KOORAY BUILDING,2,6,266.06
284,ICU,SILVA BUILDING,6,4,238.78
285,General,JOHN BUILDING,4,2,330.32
286,ADW,RICH BUILDING,3,3,256.66
287,ADM,KOORAY BUILDING,2,6,263.7
288,ICU,SILVA BUILDING,6,4,76.69
289,General,JOHN BUILDING,4,2,294.26
290,ADW,RICH BUILDING,3,3,366.64
291,ADM,KOORAY BUILDING,2,6,677.29
292,ICU,SILVA BUILDING,6,4,370.24
293,General,JOHN BUILDING,4,2,93.64
294,ADW,RICH BUILDING,3,3,226.92
295,ADM,KOORAY BUILDING,2,6,275.7
296,ICU,SILVA BUILDING,6,4,225.39
297,General,JOHN BUILDING,4,2,669.52
298,ADW,RICH BUILDING,3,3,285.06
299,ADM,KOORAY BUILDING,2,6,324.33
300,ICU,SILVA BUILDING,6,4,657.62
301,General,JOHN BUILDING,4,2,305.64
302,ADW,RICH BUILDING,3,3,266.65
303,ADM,KOORAY BUILDING,2,6,699.02
304,ICU,SILVA BUILDING,6,4,309.36
305,General,JOHN BUILDING,4,2,93.7
306,ADW,RICH BUILDING,3,3,654.62
307,ADM,KOORAY BUILDING,2,6,269.6
308,ICU,SILVA BUILDING,6,4,390.47
309,General,JOHN BUILDING,4,2,290.68
310,ADW,RICH BUILDING,3,3,95.38
311,ADM,KOORAY BUILDING,2,6,346.9
312,ICU,SILVA BUILDING,6,4,93.4
313,General,JOHN BUILDING,4,2,76.73
314,ADW,RICH BUILDING,3,3,260.62
315,ADM,KOORAY BUILDING,2,6,266.75
316,ICU,SILVA BUILDING,6,4,354.57
317,General,JOHN BUILDING,4,2,78.89
318,ADW,RICH BUILDING,3,3,390.2
319,ADM,KOORAY BUILDING,2,6,359.65
320,ICU,SILVA BUILDING,6,4,200.23
321,General,JOHN BUILDING,4,2,62.89
322,ADW,RICH BUILDING,3,3,688.69
323,ADM,KOORAY BUILDING,2,6,266.62
324,ICU,SILVA BUILDING,6,4,289.66
325,General,JOHN BUILDING,4,2,349.92
326,ADW,RICH BUILDING,3,3,75.39
327,ADM,KOORAY BUILDING,2,6,299.86
328,ICU,SILVA BUILDING,6,4,79.28
329,General,JOHN BUILDING,4,2,237.56
330,ADW,RICH BUILDING,3,3,650.77
331,ADM,KOORAY BUILDING,2,6,92.3
332,ICU,SILVA BUILDING,6,4,65.69
333,General,JOHN BUILDING,4,2,95.97
334,ADW,RICH BUILDING,3,3,268.59
335,ADM,KOORAY BUILDING,2,6,687.34
336,ICU,SILVA BUILDING,6,4,260.62
337,General,JOHN BUILDING,4,2,646.57
338,ADW,RICH BUILDING,3,3,246.58
339,ADM,KOORAY BUILDING,2,6,665.98
340,ICU,SILVA BUILDING,6,4,636.84
341,General,JOHN BUILDING,4,2,360.39
342,ADW,RICH BUILDING,3,3,278.68
343,ADM,KOORAY BUILDING,2,6,56.5
344,ICU,SILVA BUILDING,6,4,88.44
345,General,JOHN BUILDING,4,2,238.84
346,ADW,RICH BUILDING,3,3,226.84
347,ADM,KOORAY BUILDING,2,6,209.27
348,ICU,SILVA BUILDING,6,4,660.64
349,General,JOHN BUILDING,4,2,635.68
350,ADW,RICH BUILDING,3,3,687.92
351,ADM,KOORAY BUILDING,2,6,299.36
352,ICU,SILVA BUILDING,6,4,624.03
353,General,JOHN BUILDING,4,2,602.69
354,ADW,RICH BUILDING,3,3,99.4
355,ADM,KOORAY BUILDING,2,6,264.66
356,ICU,SILVA BUILDING,6,4,632.02
357,General,JOHN BUILDING,4,2,344.56
358,ADW,RICH BUILDING,3,3,623.24
359,ADM,KOORAY BUILDING,2,6,396.62
360,ICU,SILVA BUILDING,6,4,634.46
361,General,JOHN BUILDING,4,2,323.73
362,ADW,RICH BUILDING,3,3,646.6
363,ADM,KOORAY BUILDING,2,6,600.05
364,ICU,SILVA BUILDING,6,4,299.37
365,General,JOHN BUILDING,4,2,265.65
366,ADW,RICH BUILDING,3,3,366.57
367,ADM,KOORAY BUILDING,2,6,678.65
368,ICU,SILVA BUILDING,6,4,382.52
369,General,JOHN BUILDING,4,2,220.29
370,ADW,RICH BUILDING,3,3,374.99
371,ADM,KOORAY BUILDING,2,6,355.08
372,ICU,SILVA BUILDING,6,4,676.46
373,General,JOHN BUILDING,4,2,78.59
374,ADW,RICH BUILDING,3,3,79.03
375,ADM,KOORAY BUILDING,2,6,348.63
376,ICU,SILVA BUILDING,6,4,77
377,General,JOHN BUILDING,4,2,72.82
378,ADW,RICH BUILDING,3,3,653.69
379,ADM,KOORAY BUILDING,2,6,247.59
380,ICU,SILVA BUILDING,6,4,56.37
381,General,JOHN BUILDING,4,2,87.36
382,ADW,RICH BUILDING,3,3,260.43
383,ADM,KOORAY BUILDING,2,6,647.25
384,ICU,SILVA BUILDING,6,4,654.48
385,General,JOHN BUILDING,4,2,663.95
386,ADW,RICH BUILDING,3,3,655.48
387,ADM,KOORAY BUILDING,2,6,307.69
388,ICU,SILVA BUILDING,6,4,382.05
389,General,JOHN BUILDING,4,2,288.33
390,ADW,RICH BUILDING,3,3,273.45
391,ADM,KOORAY BUILDING,2,6,609.07
392,ICU,SILVA BUILDING,6,4,676.45
393,General,JOHN BUILDING,4,2,257.53
394,ADW,RICH BUILDING,3,3,363.42
395,ADM,KOORAY BUILDING,2,6,98.02
396,ICU,SILVA BUILDING,6,4,625.64
397,General,JOHN BUILDING,4,2,285.9
398,ADW,RICH BUILDING,3,3,368.57
399,ADM,KOORAY BUILDING,2,6,633.97
400,ICU,SILVA BUILDING,6,4,268.02
401,General,JOHN BUILDING,4,2,320.03
402,ADW,RICH BUILDING,3,3,349.87
403,ADM,KOORAY BUILDING,2,6,399.06
404,ICU,SILVA BUILDING,6,4,277.84
405,General,JOHN BUILDING,4,2,635.87
406,ADW,RICH BUILDING,3,3,340.93
407,ADM,KOORAY BUILDING,2,6,62.78
408,ICU,SILVA BUILDING,6,4,676.52
409,General,JOHN BUILDING,4,2,235
410,ADW,RICH BUILDING,3,3,680.56
411,ADM,KOORAY BUILDING,2,6,298.85
412,ICU,SILVA BUILDING,6,4,366.26
413,General,JOHN BUILDING,4,2,393.28
414,ADW,RICH BUILDING,3,3,640.37
415,ADM,KOORAY BUILDING,2,6,336.25
416,ICU,SILVA BUILDING,6,4,625.23
417,General,JOHN BUILDING,4,2,305.59
418,ADW,RICH BUILDING,3,3,284.54
419,ADM,KOORAY BUILDING,2,6,666.06
420,ICU,SILVA BUILDING,6,4,693.03
421,General,JOHN BUILDING,4,2,657.29
422,ADW,RICH BUILDING,3,3,200.69
423,ADM,KOORAY BUILDING,2,6,205.56
424,ICU,SILVA BUILDING,6,4,673.3
425,General,JOHN BUILDING,4,2,626.22
426,ADW,RICH BUILDING,3,3,77.89
427,ADM,KOORAY BUILDING,2,6,286.36
428,ICU,SILVA BUILDING,6,4,202.52
429,General,JOHN BUILDING,4,2,263.09
430,ADW,RICH BUILDING,3,3,79.65
431,ADM,KOORAY BUILDING,2,6,75.22
432,ICU,SILVA BUILDING,6,4,254.95
433,General,JOHN BUILDING,4,2,293.62
434,ADW,RICH BUILDING,3,3,660.73
435,ADM,KOORAY BUILDING,2,6,386.77
436,ICU,SILVA BUILDING,6,4,390.23
437,General,JOHN BUILDING,4,2,52.86
438,ADW,RICH BUILDING,3,3,660.47
439,ADM,KOORAY BUILDING,2,6,236.34
440,ICU,SILVA BUILDING,6,4,382.63
441,General,JOHN BUILDING,4,2,662.28
442,ADW,RICH BUILDING,3,3,230.27
443,ADM,KOORAY BUILDING,2,6,267.66
444,ICU,SILVA BUILDING,6,4,398.85
445,General,JOHN BUILDING,4,2,390.36
446,ADW,RICH BUILDING,3,3,653.9
447,ADM,KOORAY BUILDING,2,6,244
448,ICU,SILVA BUILDING,6,4,232.32
449,General,JOHN BUILDING,4,2,623.75
450,ADW,RICH BUILDING,3,3,603.08
451,ADM,KOORAY BUILDING,2,6,666.8
452,ICU,SILVA BUILDING,6,4,630.72
453,General,JOHN BUILDING,4,2,236.56
454,ADW,RICH BUILDING,3,3,632.03
455,ADM,KOORAY BUILDING,2,6,366.6
456,ICU,SILVA BUILDING,6,4,350.73
457,General,JOHN BUILDING,4,2,90.79
458,ADW,RICH BUILDING,3,3,327.63
459,ADM,KOORAY BUILDING,2,6,332.6
460,ICU,SILVA BUILDING,6,4,386.2
461,General,JOHN BUILDING,4,2,667.26
462,ADW,RICH BUILDING,3,3,206.99
463,ADM,KOORAY BUILDING,2,6,282.72
464,ICU,SILVA BUILDING,6,4,609.94
465,General,JOHN BUILDING,4,2,643.76
466,ADW,RICH BUILDING,3,3,668.46
467,ADM,KOORAY BUILDING,2,6,652.68
468,ICU,SILVA BUILDING,6,4,622.63
469,General,JOHN BUILDING,4,2,308.93
470,ADW,RICH BUILDING,3,3,239.75
471,ADM,KOORAY BUILDING,2,6,282.05
472,ICU,SILVA BUILDING,6,4,686.79
473,General,JOHN BUILDING,4,2,676.76
474,ADW,RICH BUILDING,3,3,660.46
475,ADM,KOORAY BUILDING,2,6,263.94
476,ICU,SILVA BUILDING,6,4,323.04
477,General,JOHN BUILDING,4,2,622.7
478,ADW,RICH BUILDING,3,3,268.6
479,ADM,KOORAY BUILDING,2,6,646.66
480,ICU,SILVA BUILDING,6,4,80.37
481,General,JOHN BUILDING,4,2,58.48
482,ADW,RICH BUILDING,3,3,367.84
483,ADM,KOORAY BUILDING,2,6,698.59
484,ICU,SILVA BUILDING,6,4,656.07
485,General,JOHN BUILDING,4,2,299.47
486,ADW,RICH BUILDING,3,3,667.84
487,ADM,KOORAY BUILDING,2,6,628.83
488,ICU,SILVA BUILDING,6,4,358.56
489,General,JOHN BUILDING,4,2,357.73
490,ADW,RICH BUILDING,3,3,363.46
491,ADM,KOORAY BUILDING,2,6,392.68
492,ICU,SILVA BUILDING,6,4,364.26
493,General,JOHN BUILDING,4,2,366.74
494,ADW,RICH BUILDING,3,3,303.65
495,ADM,KOORAY BUILDING,2,6,267.99
496,ICU,SILVA BUILDING,6,4,55.29
497,General,JOHN BUILDING,4,2,353.76
498,ADW,RICH BUILDING,3,3,60.08
499,ADM,KOORAY BUILDING,2,6,278.66
500,ICU,SILVA BUILDING,6,4,366.37
